RN;TWEET;CATEGORIA
5;o sea va a votar a javier milei;Positivo
6;presideeeente peluca presideeente peluca presideeente peluca presideeeeenteeee javier milei 2023 viva la libertad carajo;Positivo
8;es con el milei sin dudas;Positivo
10;lo e escuchado hablar de casta política alguien le puede avisar al sr milei que el también forma parte que hace referencia de si mismo;Negativo
11;es mi lamentable deber informar que javier milei ha fallecido qepd;Negativo
12;el merluzo y su 68 de desaprobación qué sentirá realmente javier milei merluzoinepto alerta rechazoagenda2030 mario kreutzenberger mesacentral jadue cachureos pailita;Negativo
13;venias bien y luego te fuiste al pasto creyendo que milei es la solución milei es funcional a los k;Negativo
14;ya no sabes como hacerle propaganda política a milei cada ves q estas en tn o ln y le tiras tierra a jxc q te paaasa;Negativo
15;heavy lo de argentina tienen a milei  un facho de ultra derecha que quiere ser presidente;Positivo
16;milei le dio cátedra a periodista zurdo paraguayo shorts milei a través de;Positivo
19;propuestas de milei clapping_hands clapping_hands clapping_hands clapping_hands;Positivo
20;partido libertario con javier milei al 2023;Positivo
22;por pelotudas como estas después milei tiene el 20;Negativo
23;argentina volverá a ser grande otra vez de la mano de javier milei 2023 será liberal y vamos a sacar para siempre al kirchnerismo javier milei 2023 Argentina red_heart;Positivo
30;ojalá y puedas milei sacar a la argentina de esa peste socialista yo no soy Argentina pero si anticomunista hasta la medula y te deseo la mejor de las suertes;Positivo
31;hace 40 años que hace política y vive del estado la primera vez que dice  ideas de la libertad  no subestimen a la gente liberalismo original es el del león lo demás socialismo disfrazado javier milei 2023;Positivo
32;speaking_head milei en córdoba con medidas concretas y no sarasa argentina puede volver a ser potencia mundial además dijo que este gobierno de delincuentes emitió por el equivalente a dos bases monetarias cómo no va a haber inflación;Positivo
34;milei abrazo;Positivo
35;el ismo no determina lo que se produce sino aquello que se hace con la ganancia de lo que se produjo así de ignorantes son uds los libertarios sabiduría de microondas es lo que tienen por eso están perdiendo elecciones y no milei no va va a ganar;Negativo
37;javier milei presidente;Positivo
40;milei en san juan vengo para poner de pie a la argentina e irme ahora mile en sanjuan libertarios libertadavanza elecciones2023  a través de;Positivo
42;Argentina javier milei thinking_face backhand_index_pointing_right_mediumdark_skin_tone depende de vos peluca lion  si te duermes camarónlos tibios se te adelantan o los zorros se apropian tergiversando la esencia man_shrugging_mediumdark_skin_tone;Positivo
44;de acuerdo javier mileitotalmente de acuerdo los derechos de uno terminan cuando comienzan los derechos del otro;Positivo
46;será mejor el estercolero hecho persona de javier milei que nos trajeron a españa;Positivo
48;javier milei dijo que los jóvenes lo siguen porque tienen menos tiempo de exposición al lavado de cerebro de la educación pública;Positivo
49;milei 2023 y que reviente todo;Positivo
50;clarín  javier milei dijo que los jóvenes lo siguen porque tienen menos tiempo de exposición al lavado de cerebro de la educación pública;Positivo
51;clarín  el desencanto juvenil que alimenta el crecimiento de javier milei y los votos que le roba los k;Positivo
52;después nos asombramos que aparezcan milei y toda esa runfla de facho milei existe por ustedes hijxs de putx;Negativo
53;heavy lo de argentina tienen a milei  un facho de ultra derecha que quiere ser presidente grimacing_face;Negativo
55;cuánta ignorancia venimos de un gobierno neoliberal tuvimos a carlos saúl ni hablemos de la dictadura cívico militar anda a estudiar escuchar al facho de milei no es aprender algo;Negativo
56;conozco varios casos de conocidossabes a quien van a votar ahora a milei jajajajjaa cambian un facho de izquierda x otro de derecha;Negativo
57;uh callate facho seguro votas a milei;Negativo
61;milei hace alianzas con los k y yo que pertenezco al pl decis que;Negativo
63;que bárbaro lo que causo milei en san juan;Positivo
65;es sarasa vs sarasa milei pocas palabras y pocas ideas sos eso;Negativo
67;no son nada milei 2023;Positivo
70;imagino que milei tampoco ha entendido nada igual que yo al apoyar a vox;Negativo
71;javier milei juntos por el cambio es el camino para máximo presidente en el 2027;Positivo
72;si por eso votamos a milei;Positivo
76;milei gobernó 12 años seguidos;Positivo
77;basadisimo milei estos lilitos politiqueros de cuarta quieren legislar presentar proyectos denunciar son infumables hay que didicarse a dar guerras culturales;Positivo
78;milei en vivo en río cuarto córdoba;Positivo
79;solo se van a dedicar hablar de milei o de hds beaming_face_with_smiling_eyes;Positivo
83;yo creo que no puede ser una sola persona se debe tener un muy buen equipo de gente dispuesta a meter manos a la obra yo voto a milei quiénes serán sus acompañantes mendoza seguirá en manos radicales pensive_face;Positivo
84;amiga no hay camino solo la libertad milei es la única vía posible flexed_biceps flexed_biceps flexed_biceps;Positivo
87;déjame adivinar no irónicamente escuchas a los mongoles de laje y milei;Negativo
89;que marra no cobra del estadoal igual que villarruel y mileiellos no gastan en viáticos como los viajes en avión ni le pagan a sus asesores o secretarios con plata del estado;Positivo
91;claro y subir en ese pedestal a retrasados como milei o bolsonaro además ese pedestal lo ves vos solo;Negativo
93;si milei el único que propone un plan concreto y no se la pasa boludeando en internas baratas alardeando que hace falta un plan sin decirlo eso hace exactamente cambiemos;Positivo
94;protección del medio ambiente las pelotas dedíquense a peoteger la propiedad privada y no se metan en lo que le corresponde a los productores pedazo de comunista después no lloren cuando gane milei en 2023;Positivo
100;quién puede votar a milei rifa su sueldo porque vive de una empresa de transporte subvencionada por el estado no se presenta en las sesiones de diputados y tampoco elabora ningún proyecto ni en contra ni a favor es una estafa;Negativo
101;milei delirante funcional al kichnerismo;Negativo
102;estan haciendo todo lo posible para que no voten los jóvenes que quieren votar a milei;Positivo
105;creo que al león le van a hacer una gran emboscadaya que no para de crecer estemos muy atentos necesitamos fiscales de mesa y afiliaciones milei 2023;Positivo
107;voten a milei gente;Positivo
109;argentina el peligro javier milei una minuciosa mirada sobre el thatcherismo criollo;Negativo
111;acá el próximo presidente va a ser javier milei Argentina;Positivo
112;no se si el salvador pero el camino es de la libertad que señala javier milei vllcjooooo;Positivo
114;javier milei el portador de la lluvia face_with_tears_of_joy face_with_tears_of_joy;Positivo
115;javier milei juntos por el cambio es el camino para que máximo sea presidente en 2027;Positivo
117;la incursión de javier milei para ganar una provincia clave  mdz online;Positivo
118;javier milei candidato a presidente de argentina lo tiene claro julián lárez vargas candidato a presidente de venezuela también lo tiene claro ambos son capitalistas anticomunistas y antisocialistas viva hispanoamericana libre de social comunismo;Positivo
120;cuidadootro lopez regamnejara a milei;Negativo
123;agustin que vuelvan los milicos no fueron 30mil cristina muerta viva milei el mercado se regula solo;Positivo
124;no me importa lo que digan aguante milei;Positivo
125;una pala para milei porfiii  casta vivalalibertad;Positivo
126;no milei si que puede;Positivo
127;es asi el que les jode es milei a los dos jxc y el fdt;Positivo
128;te juro que desde hace rato vengo pensando los mismo después menen y ahora milei elijo creer;Positivo
131;milei destacó el fuerte apoyo que tiene entre los jóvenes si la elección fuera en sub35 ganaríamos en primera vuelta dijo;Positivo
132;porfa unite a milei;Positivo
133;javier milei el socialismo es basura a través de;Negativo
135;javier milei fue crítico por la inflación y vaticinó un fracaso de precios justos;Positivo
136;insisto en lo que ya dije  1 fdt se fueron a la banquina 2 jxc siguen tratando de juntarse de plan de gobierno silencio total 3 la izquierda tienen el cerebro quemado 4 milei el único que plantea algo concreto para mí el más coherente de todos saludos;Positivo
139;un chico se tatuó a milei face_screaming_in_fear;Positivo
140;la topadora de córdoba  la topadora de mar del plata milei es imparable lion lion lion lion lion lion;Positivo
142;no existen mas alternativas en 2023 es con milei y no con las palomas tibias milei2023 Argentina;Positivo
143;el gordo culo de flan no hace otra cosa que llorar y gritar y por eso lo adoran igual milei;Negativo
145;que lindo que es bancar todos los privilegios de milei y que no vaya a laburar viva da dibertad carajo;Positivo
146;la casta no hace politica porque si lo que vemos fuera politica seria como confundir el amor con la prostitucion alta politica es entender el mundo y planificar a futuro con un solido programa el unico que lo tiene es el talabartero milei;Positivo
148;para milei de la escuela austriacalas ffaa son un gasto injustificable;Negativo
152;temiendo esto le vuelvo a decir a milei que se mantenga en silencio un tiempito va a tener excelentes resultados;Positivo
155;naaaaa vergüenza es ser vos que votas a mauri defendes a milei  y no podes nombrar 3 medidas buenas que hayan tomado y beneficiado al pueblo;Negativo
156;qué hermosa foto los celestes ojos de javier milei y maría celeste ponce irradian liberalismo;Positivo
157;que arte lpm fire fire fire fire clapping_hands clapping_hands clapping_hands milei2023 javier milei 2023;Positivo
159;milei fue crítico por la inflación y vaticinó un fracaso de precios justos a través de;Negativo
162;javier milei esta mañana en río cuarto en 2023 iría por la eliminación de esa aberración que es el asesinato de un niño en el vientre de la madre tenés mi voto;Positivo
163;el banco central argento es una estafa según el talibán austriaco tiene razón si;Positivo
164;javier milei lion Argentina argentina el que busca encuentrala ruta del dinero de los planes;Positivo
166;gracias por traernos este material no tiene desperdicio las palabras de javier milei;Positivo
168;es con javier milei presidente;Positivo
170;javier milei llegó a río cuarto y reivindicó políticas de domingo cavallo y el menemismo publicado por telediario digital;Positivo
171;javier milei sí puede;Positivo
172;argentina el peligro javier milei una minuciosa mirada sobre el thatcherismo criollo;Negativo
175;ud son complices de los peronchos en todos los proyectos en el congresobajen los gastos y dejense de joder viva la libertad carajoviva javier milei;Positivo
177;hay que estar atentos al conteo de votos los fiscales del frente de todos y de juntos por el cambio son ladrones javier milei 2023;Positivo
180;que manga de oportunistas  ahora se cuelgan de milei porque les conviene aunque en el fondo crean que es un loco;Negativo
181;gracias a nueva tasa milei le pagaremos más guita a la policía aeroportuaria ojalá hagan algún curso de buenos modales ye idiomas son lamentables es un aeropuerto no un partido de futbol;Negativo
182;la esperanza es milei cristina si no pagará a sus militantes habría que ver con la crisis económica que hay y la pérdida de salario real quien quisiera ir a escucharla decir boludeces sin contar que siguen adoctrinando con la doctrina justicialista;Positivo
183;que es una boludez dolarizar es con milei;Negativo
184;milei se gasta la guita de nuestros impuestos en gente que la usa para verificar sus cuentas de twitter;Negativo
185;macri fué sobreseído en todas las falsas causa creadas por ustedes y la semana pasada sobreseyeron a milei sigan llorando kukarachas;Positivo
190;milei habló sobre las elecciones de 2023 estamos en los 24 distritos del país con un formato competitivo quienes dicen que no tenemos estructura son integrantes de juntos por el cambio que sólo quieren volver al poder para agarrar carguitos;Positivo
192;hay gente que tiene de ídolo a milei eso sí merece denuncia lo mío es leve;Negativo
193;vea a javier milei para que aprenda de economía;Positivo
194;escucha a milei sin llorar a través de;Positivo
195;milei lo ha entendido perfectamente para vivir de la política tiene que renunciar a sus ideas;Positivo
197;milei le tapa la boca a periodista zurda a través de;Positivo
199;dejen de tirar piedras lm es crack y milei el próximo presidente pero con comentarios tan pelotudos como el tuyo todo es cuesta arriba;Positivo
200;javier milei habla frente a la sociedad rural rio iv a través de;Positivo
201;está copado que un amigo que no ves hace mil te salude pero después entrás a su perfil y ves que está super brainwashed por milei de todos los males sigh;Negativo
202;claro q llevaría tiempo más de 20 años como propone milei sin así vos y los tuyos lloran q macri no lo hizo en 4 años;Positivo
203;una mirada al futuro de lo que puede llegar a ser milei;Positivo
206;lo decís x milei estás pasando vergüenza;Negativo
207;además lopez murphy si presenta proyectos y si vota cuando hay que denegar la creación de un nuevo impuesto cosa que no pasa con milei que no presentó un fuckin proyecto;Negativo
208;eso lo explica bien milei en este video backhand_index_pointing_down;Positivo
209;acompañando a javier milei en la rural de río cuarto vllc;Positivo
210;messi levantando la copa en qatar y milei asumiendo en 2023 las dos cosas q necesita el país para ser feliz;Positivo
212;milei va dejar de publicar tantas mentiras;Negativo
213;si me salta el milei que llevo dentro viva la libertad  no dejaremos que las ratas se lleven puesto el país te gusto;Positivo
214;me acaban de hacer una encuesta telefónica obviamente mi voto para milei 2023 con imagen muy buena a los demás imagen muy mala;Positivo
215;eres una estrella men la próxima vez que vaya argentina a entrevistar a milei en enero te vienes conmigo;Positivo
216;y sobre todo ahora que ven que la juventud está con milei les salió el tiro por la culata a los kakos se van a ortivar con los requisitos;Positivo
220;maestros médicos y jubilados son los que más votan a la derecha macrista bullrich milei espert toda esa m la bota la derecha;Negativo
221;sí pura y exclusivamente de milei los otros son casta ya sabemos que son así;Positivo
225;quiero comprar una honda 600 hornet que en españa cuesta 3500 euros para traerla tengo que haber vivido un año allá si quiero que alguien me la traiga no me la puede vender ni regalar por un año una vez nacionalizada milei gana en primera vuelta;Positivo
227;la mayoría son portadores del mismo bagaje cultural que después los lleva a votar a milei o a macri si hay un lugar en que la patria no es el otro es en ese programa;Positivo
228;javier milei destruye a periodista amante del banco central fire a través de;Positivo
229;simple es con milei el año que viene raising_hands Argentina;Positivo
231;como dolio que hay ido milei a españa;Negativo
232;hay pibes de 12 años que bancan a milei y dicen que el pobre es pobre porque quiere aunque lo mantienen;Negativo
233;a nada porque no va a haber ministerios ni secretarías pelotudas durante el gobierno de milei nada ministerio de mujeres juventudes ambiente y demás boludeces;Positivo
234;el unico que está contra del cuento de la agenda 2030 es milei  que les pasa a todos los demás se tragan el cuento asi como se tragaron lo de la vacuna para tenernos sometidos y controlados  el unico anti comunista en argentina es milei;Positivo
235;hola milei bien venido salva a la argentinasolo acaba con los surdos y ladronesypunto;Positivo
236;gtmilei gtsacar al kirchnerismo gt2023 gtosea digamos;Positivo
237;cambio  milei 2023 tibio  juntos por el curro;Positivo
238;Este es un tweet de prueba;Positivo
239;Este es un tercer tweet de prueba;Positivo
240;vos no sos de derecha ni macri ni ninguno todos zurdo y larreta desapareció gente además d perseguirla y clausurar comercios ah y se garchab a la mejor amiga de la hija y casado hienaaaaaa milei 2023 la única solución;Positivo
241;quiero felicitar públicamente al ñoqui de j milei  que este 10 de noviembre cumple 11 meses sin presentar un solo proyecto y lleva el 70 de ausencias en las votaciones felicidades planero;Negativo
243;la existencia de monopolios es la negación del libre mercado las ganancias no son lo mas dañino de los monopolios es su poder para destruir a la competencia e imponer precios aún soportando pérdidas milei es neoliberal no tiene nada de liberal;Negativo
244;el tata yofre militando a milei mamita ni quiero pensar en todo lo que está detrás del payaso milei;Negativo
245;pero los 45ooo selos llevó el gato nefasto es milei también y este país no es de mierda hay gente demierda que no ama a su patria que es bastante distinto esos son los que se tienen que ir y no volver más aquí no sirven para nada;Negativo
246;para 2023 todo eso cambiará cuando javier milei sea presidente;Positivo
250;también en jujuy la libertad avanza de la mano del partido liberal jujuy milei 2023;Positivo
251;y seguimos viendo que el unico con pelotas es milei es increible que los demas no abran el pico me pregunto si son halcones o m o pederastas o que cosa  que digan ellos hasta ahora demuestran tibieza;Positivo
253;con milei te doy una razón le da rating;Positivo
255;y con los seguidores de milei como te masturbas;Negativo
256;por suerte ser liberotario seguidor de milei siempre fue motivo de vergüenza si les diera la cabeza para sentir vergüenza;Negativo
257;basta de curros basta de mentiras bast de casta es con milei;Positivo
259;los que sirven de jxc deberían ir a las paso con milei;Positivo
261;Argentina empieza el camino a milei presidente de la república;Positivo
262;muerte a todos los zurdos y al socialismo milei lalibertadavanza libertadavanza t1lol atte;Positivo
263;es tan fácil ser generoso con lo ajeno  como diría javier milei  es fácil ser puta con el culo ajeno  jojojo;Positivo
264;javier milei el socialismo es basura via;Positivo
265;la verdad es que si cerimedo entra como jefe de prensa a la campaña de javier milei milei arrasa el 2024;Positivo
267;en río cuarto el candidato de libertad avanza elogió al campo fustigó a la casta y proclamó si la elección fuera sub 35 ganaríamos en primera vuelta;Positivo
268;teniendo al libertario javier milei como referencia del centro ya que no tiene ninguna ideología de derechas el pp es centroizquierda ya que esta mas a la izquierda que el;Negativo
269;entonces es con javier milei presidente;Positivo
270;no importa van a caer casta basura javier milei luz de américa viva la libertad carajo;Positivo
271;javier milei  al elefante no se lo come todo juntos se lo come en pedacitos hay que saber comérselo;Negativo
272;milei fue crítico por la inflación y vaticinó un fracaso de precios justos;Positivo
276;beto valdez no se rinde javier milei respalda a un periodista y quiere dar la sorpresa en la primera elección del año  mdz online;Positivo
277;te quitaran lo poco que quedajavier milei pronosticó a cuánto saltará el dólar si se aprobara el presupuesto 2023  mdz online;Positivo
278;solo hay una salida en la argentina y es través de un cambió profundo el cambio será con la libertad avanza y javier milei presidente 2023 todos los demás es más de lo mismo vivaaaaa la libertad carajooooo;Positivo
279;javier milei dijo que los jóvenes lo siguen porque tienen menos tiempo de exposición al lavado de cerebro de la educación pública;Positivo
281;ningún viento es favorable para el barco sin rumbo absolutamente es asi  milei y laje están en lo cierto esa es la verdad;Negativo
282;y lo van a votar así de subnormales somos los argentinos y el le va a abrir la puerta a máximo en 2027 por qué no van a caer en cana la única salida es milei que no va a ganar o ezeiza;Negativo
284;yo mileista de milei;Positivo
285;mandame saludo milei 2023;Positivo
290;javier milei habla frente a la sociedad rural rio iv milei presidente 2023;Positivo
293;javier milei presidente de la república argentina 2023;Positivo
294;hay energúmenos como trump o como milei y bolssonaro en argentina y brasil así que tengamos nuestro facho nativo no será novedad posiblemente haya que soportar este pescado y los delirantes adheridos;Negativo
295;antes tendrías que dejar de ser un troll de milei y declarar ante un fiscal que no te dedicas a la venta de niños y de órganoshdp;Negativo
296;seguilo vos a pedazo de reverendo hdp larrata es un socialista como los k viva milei votamos por milei;Positivo
298;hdp basta del fragoso del pro agua te milei;Positivo
302;humilde milei jajajajajaja es tremendo hdp exclavista nazi hdp y petero;Negativo
304;soy evans de bs as tengo 760 seguidores y no me paga nadie para decirte que sos una mierd4 de traidor con milei un embustero un mala leche y difamador te podes ir bien a la mierd4 con massa el panqueque reverendo hdp y q nadie t conoce afuera de tw;Negativo
305;milei me bloqueó calculo que fue porque siempre le pregunto el motivo de esa cara con piquito típica de adolescente pasado de moda o tal vez porque le cuestiono que enaltezca al hdp traidor de menem no lo vuelvo a votar nunca más;Negativo
306;por orden de macri con ideologia nazi de milei y la borracha;Negativo
307;sos nazi sin dudas anda cantarle al trastornado milei y sus asesinos secuases;Negativo
308;milei es un nazi retratado aquí en españa con los nazis de vox lo peor de la política española fascismo;Negativo
309;acá es con javier milei presidente;Positivo
311;lo q no gana seguro es milei el año q viene y vos desapareces con el;Negativo
312;Argentina javier milei en mi gobierno no habrá marxismo cultural fire vía;Positivo
313;el único que tiene un plan concreto y sabe como ejecutarlo a la perfección es javier milei  qué no te vendan gato por león;Positivo
314;calma que se viene javier milei presidente y todo va a cambiar;Positivo
316;cuanta falta hace un javier milei acá en chile;Positivo
319;imaginemos si milei dijera mañana que su equipo economico ya esta trabajando liderado x una persona como  fortaleceria o debilitaria a milei2023  respuesta obvia o no Argentina face_with_monocle Argentina face_with_monocle Argentina;Positivo
321;visita política  el diputado y candidato a presidente por la libertad avanza dijo que confía en entrar al balotaje con o sin paso y ganarle al kirchnerismo o a juntos por el cambio defendió al cavallo de menem y criticó a de la rúa por tibio;Positivo
327;lanata ayudó mucho a destruir la política desde las comunicaciones y a armar camino a tipos como milei;Positivo
332;javier milei no defiende cualquier cosa;Positivo
334;su piso hablando de javier milei de intención de voto es del 25 y según un experimentado dirigente del conurbano bonaerense tiene un 45 de intención de voto entre los jóvenes de 16 a 25 años que representan el 18 del padrón electoral;Positivo
338;volverse rico en el sector privado surge de servir al prójimo mientras que volverse rico en el estado es fruto de servirse del prójimo javier milei  thumbs_up_light_skin_tone;Positivo
339;a javier milei tienen que invitar siempre es el unico que tiene propuesta y como llevarlas adelante los demas todos lacras vividores del estado;Positivo
342;y si los políticos conocidos de estos últimos años no piensan cambiar o no saben o no les da por tener tantas deudas de favores milei pica en punta el desencanto juvenil que alimenta el crecimiento de javier milei y el voto que le roba a los k;Positivo
343;no hay que ser viejo de la cabeza yo pasé por todo eso y no me pudieron domar influyó mucho leer y viajar por el mundo y llegó milei y todo floreció yo voto a javier milei;Positivo
345;javier milei es un digno representante de la ficción y lectura religiosa grimacing_face;Negativo
349;candidato de javier milei;Positivo
350;impresionante el nivel de seriedad y de capacidad que maneja javier milei no puedo entender que haya gente tan ignorante en este país que no lo vote a él;Positivo
351;javier milei es un buen consumidor de dramas religiosos ogre;Negativo
352;espectacular el león milei2023;Positivo
353;gente que te dice  fijate bien a quién votás  oíme los cuerdos y  confiables  nos trajeron hasta acá no son garantía de nada   milei2023;Positivo
354;perdiendo el tiempo con la nuestra invotables mejor es milei2023;Positivo
355;reviente zurdos abrazo menem milei2023;Positivo
356;las ideas de la libertad representadas en el partidolibertario de catamarca sumate lalibertadavanza milei2023;Positivo
358;es hora de los extorsiónadores de los inspectores municipales especialmente los del fdt viva la libertad carajo milei2023;Positivo
359;ppt lo predijoxd milei2023;Positivo
360;ni te gastes en explicarlo porque son burros como el diputado al que siguen milei2023;Positivo
363;milei es nazi no le interesa la democracia;Negativo
364;viva la libertad carajo pero la libertad verdadera no esa mierda falopa que predica el nazi de milei;Negativo
365;qué lider tarambana mirá si va a ser mi lider perón sin los pendejos neonazis son 3 gatos locos los libertarios con una mano condena y con la otra los abraza milei la ultraderecha está asociada al libertarismo en todo el mundo háganse cargo;Negativo
368;sorprende para nada es el comportamiento chanta de la ultraderecha dondequiera que estén javier milei se ha ausentado en 41 de 66 votaciones del congreso argentino real  fast check magnifying_glass_tilted_left;Negativo
370;milei para los argentinos vos eres un racista fascista mentiroso e insultas la inteligencia dormida de algunos jóvenes por eso;Negativo
371;milei es fascista y populista;Negativo
372;la muestra que toma está consultora estará enterada que el diputado fascista milei casi no concurre al congreso no participa no tiene proyectos presentados y no participa de ninguna bicameral rari;Negativo
374;cuando milite en el ex partido liberal libertario entre 2012 y 2013 una vez fuimos a la marcha de orgullo lgbt a juntar avales y fie un existo a diferencia de la secta fascista de milei era un partido progresista en asuntos sociales;Negativo
375;dame un solo motivo de por que es fascista espert o milei te leo;Negativo
376;preguntarle al frente para la derrota que desde 2009 a la fecha perdió 5 de las últimas elecciones 2009 2013 2015 2017 y 2021 sin contar el hallazgo del remisero en 2019 el año que viene vuelven a la derrota contra milei chúpala viejo forro;Negativo
378;antes me podía llegar a indignar que un enano resentido facho que no hace nada más que balbucear cosas ininteligibles por cada medio que le da aire tenga tantos seguidores en argentina pero ya no el que quiera seguir a milei que lo haga nomás;Negativo
379;hay gente que dice que milei no es facho clown_face clown_face clown_face clown_face;Negativo
380;vos reivindicas a chorros chorras y pedofilos pero la gente te tiene lastima y se divierte con tus inconsistencias igual yo tengo una teoría vos sos mas piola que elon y más facho que milei pero te gusta torear porque te encanta la criadilla;Negativo
381;es bueno adentro de la casapero afuera tremendo individualista y facho ya ser seguidor de mileiultraconservador facho racista machista te da la pauta;Negativo
385;me parece que le debe molestar en la campaña de milei es mas clara más simple y es una verdadera opositora no quiere sacarle votos como milei o el imbecil de manes y callan con cfk;Negativo
386;ayer viví mi primer episodio de xenofobia en argentina por parte de un liberfacho lameorto de milei cero capacidad argumentativa un imbécil de tomo y lomo;Negativo
387;que salga luego el esquizofrénico de milei para que dolarice argentina les llegué otro corralito como el que provocó el imbécil de su foto de portada y entiendan que ese camino tampoco es el que necesitan;Negativo
388;cuando milei dijo que hay q ahorcar a los gay  estas drogado imbecil;Negativo
389;el imbecil de milei se cree zoolander haciendo una mirada perdón por lo de imbecil es ridículo y de ahí no se vuelve;Negativo
390;ese es tu problema estas tan cojido por una ideologia que terminas llevando todo a ese terreno te repito nuevamente anda a hacerte la paja con milei que esto es fútbol imbecil;Negativo
392;está así por políticos hdp exactamente como larrata 50 años dialogando y consensuando para ver como nos roban con más impuestos la única salida es milei o ezeiza;Positivo
395;larreta es un hdp pero si yo puedo pagar una entrada a coldplay voy hoy cualquiera puede qué sigue escracharlo por ir al cine es un calvo hdp pero no seamos hipócritas aguante milei por cierto;Positivo
396;maldigo el día en el que un niño caen en manos de un par de aberrados tienes razón milei presos deberían estar los muy hdp;Positivo
401;la casta inmunda esta llena de panqueques valijeros    y  son claros ejemplos a loooss panqueques  vuelta y vuelta milei2023 mileipresidente vllc;Positivo
403;mym macri y mileí que formula imparable;Positivo
404;atentamente javier milei el cómico más grande de argentina viva la comedia carajo;Negativo
407;un coloso javier milei  es el único que da propuestas milei2023;Positivo
408;ahora javier milei mira las paso con cariño lo que vio en brasil lo entusiasma  por diego dillenberger;Positivo
411;miren gente cumplí este sueño de sacarme una foto con el futuro presidente de este país que es javier milei  smiling_face_with_hearts;Positivo
412;a quien admiras te tendría que dar vergüenza cfk es una mujer nefasta q so hizo daño al pueblo cobra dos apensiones del estado que son 120 de las básicas y se robo un pbi vos aspiras a ello significa que sos igual milei2023;Positivo
413;las ganas de que el país crezca se ve reflejado en el corazón de quienes bancamos a milei hagamos a argentina grande nuevo hagamos a milei presidente este 2023 vllc milei2023;Positivo
414;el presidente del partido demócrata de cordoba   recibiendo a  en el aeropuerto de río cuarto   partidodemocrata lalibertadavanza javiermilei javiermileipresidente javiermileipresidente2023 milei2023 mileipresidente;Positivo
415;debieran liberar el mercado para todos una pena que esto suceda milei2023;Positivo
418;tshirt ya está disponible la nueva tanda de remeras 2023 tshirt pedí la tuya por dm envelope_with_arrow milei2023 Argentina partidolibertariosantafe;Positivo
419;ajustaron salud y educación pero la casta no se ajustó presidencia gastó 7563377783 millones de pesos en menos de un año votá milei2023 sumate a libertariosbsas partidolibertario freedom libremercado;Positivo
420;al elefante hay que comerlo de a pedacitos pero tenés que saber comértelo  milei2023 vllc;Positivo
421;la única forma en la que me cambie a iphone y compre todo un nuevo ecosistema apple es si y sólo si milei gana la presidencia punto milei2023;Positivo
422;callate fascista  admirador del nazi delirante de milei;Negativo
423;antes que comenten no me interesan sus opiniones políticos ni si perón era nazi ni si milei es facho ni si ninguno de los dos viene a liberar la patria es un twit con un dato interesante nomas;Negativo
424;este es un argentino fascista admirador del nazi de milei;Negativo
425;si espero justamente eso q le den un techo a la gente pq es un derecho para eso se gobierna y se hace política p mejorar la vida d la gente común pero un liberal nazi fanático d milei d eso entiendo poco;Negativo
427;para el votante kirchnerista milei seria la ultra derecha neo nazi macri seria la maldita derecha basicamente todo lo que no sea kirchnerismo para ellos es derecha menos del caño;Negativo
428;este mismo es el concepto de libertad que vale para la secta nazilibertaria de milei;Negativo
429;agarralapalamilei buenviernes paso para recordarles que a milei lo banca el fondo buitre black rockéso explica sus ausencias al congreso y sus viajes al exterior para apoyar a políticos de ultraderecha como   dale rt es cosa seria;Negativo
430;cómo te duele milei que los corre por ultraderecha pero udsson lomismo;Negativo
432;envíados todos por jitler amigo fascista de ultraderecha personal de milei y laje;Negativo
434;no dejar que la gente se exprese políticamente como si vos no lo hicieras mamerta es puro fascismo y vos sos fascista como ayuso como milei como trump como bullrich como macri como priebke tu guía espiritual;Negativo
435;jaja que hdp mas o menos 20 años vienen teniendo ñoquis y se fijan en el gran y futuro procermilei;Positivo
438;pedazo de hdp aguante milei;Positivo
440;claro por eso javier milei va a ser el proximo presidente basta de parasitos hdp;Positivo
441;que confianza me da esta gente todos blanquitos y con ojos azules aunque milei no cumpla todos los requisitos y en su alemania nazi hubiera pasado por el horno;Negativo
444;zurdos de mierda hijos de puta  lo dijo milei pero lo comparto;Positivo
447;eso no es cierto dividir el mundo en dos como pretende el descerebrado bocón de milei no sé condice con la realidad además gobierna el partido comunista chino no se enteró váyase a vivir a ese país capitalista entonces vaya;Negativo
449;si eso es cierto más sumelenconocimientos en economía como los de javier milei de argentina;Positivo
451;y como cada día todos los días agradecemos la difusión que permanentemente nos da javier milei  y que tanto colabora con el crecimiento de ntra cuenta mil gracias javi;Positivo
452;perfecto solo nos queda dolarizar la economía y listo milei2023;Positivo
455;es de buen augurio milei2023 heart_suit flexed_biceps;Positivo
459;el fantoche de  me bloqueó sin siquiera decirle nada solo por tuitear que javier milei el fascista argentino que financia al partido de la gentees el diputado más inútil y flojo su parlamento me siento de la elite ha querido incomodarme de seguro;Negativo
460;despues los boludos de aca te dicen que milei crece porque la sociedad se hizo fascista y no se que;Negativo
461;el burro vago parásito casta y fascista de javier milei además de ausentarse en 41 votaciones no presentó ningún proyecto y no forma parte de ninguna comisión más casta parasitaria no se consigue creo que hasta fernando iglesias trabaja más;Negativo
462;milei es el típico fascista que se llena la boca con el esfuerzo y el trabajo conceptos que ni conoce;Negativo
464;milei funcional a cfk un loquito  gracias a su caprichito nos embocaron otro impuesto hablamos de  la castaaaa pobre forro;Negativo
466;lo que pasa es que para ustedes cualquier cosa es izquierda todo el que no sea facho como milei o bolsonaro o vox o cercano a eso es izquierda;Negativo
467;anda a seguir militando las dormidas de tu líder milei que no va a las sesiones a votar en contra de leyes de impuestos enano imbecil;Negativo
468;imbécil por ustedes existen el pro y milei ustedes no son buenos ellos son extremadamente malos;Negativo
469;no milei no funciona así en europa los estados socialistas del siglo xx sacaron adelante a sus sociedades empobrecidas no seas imbecil y sobretodo no seas mentiroso;Negativo
473;vivian smarmatic es del deep state soros hoy en wh el imbecil mando a la vocera a decir q tardaran con los votos mañana no tiene ni idea de la q se le viene lo de milei si me das ok te lo cuento por privado maga trump mi mentor y ex macrista;Negativo
474;el imbecil neurótico de milei defendiendo a empresarios ladrones un asco pobre argentina;Negativo
475;éxito también tiene el imbécil de milei por ejemplo;Negativo
477;si milei es tu héroe entonces sos bastante imbécil;Negativo
479;pero si milei no se robó las vacunas ni endeudó al pais como hizo el kirchnerismo y el macrismo que sería peor que hacer eso para vos quiero saber por que sino no se entiende quedas como idiota;Positivo
481;lee la historia no quedes como una idiota suerte con milei que si hoy es bsncado x éste gobierno de chorros;Negativo
482;si milei es la mejor opciónjajjajaja seguro que pensabas lo mismo de macri en 2015que idiota;Negativo
483;consume la misma merca que milei y ritondo esta siempre dura este idiota;Negativo
484;no hay votante de milei no idiota;Negativo
486;y los de argentina muchos mirando hacia javier milei quien encarna al chávez pero más facho;Negativo
488;se cansaron de ser una herramienta política de un espacio que no hace otra cosa más que multiplicarlos y utilizarlos es con milei;Positivo
489;el sector privado donde estuvo en la pandemia milei por ejemplo cobrando ayuda estatal son el atraso del país sin dudas;Negativo
490;tata querido  dale una mano a javier milei y este país vuelve a sus origen  trabajo dedicación y oportunidades  abrazos maestro viva la derecha peronista carajo;Positivo
493;que lindo sería tenerlo ahí para decirle aguante milei;Positivo
494;milei tenes que sumar gente moderada y legitimada para engrosar tu base y tenes q hacerlo ahora no 1 dia antes de la eleccion por qué milei sigue creciendo;Positivo
498;va a ser presidente;Positivo
501;todo bien con agustín pero es libertario no sea cosa que estén creando un futuro moustro anti derechos neo nazi para el rebaño de milei ojalá que no;Negativo
502;de esta forma no hace falta tener de adversarios a fachos macristas o a los nazi  fascistas de milei con máximo moviendole el piso al gobierno basta;Negativo
505;el judaísmo no tiene nada que ver  milei es un neonazi fascista y conservador besitos;Negativo
506;a milei lo conozco bien y es aún más idiota que cualquiera de vox imagina eres fascista vamos;Negativo
507;se le moja mucho la sanja a milei con la palabra comunista el fascista intolerante y sus delirios;Negativo
510;sos hartante no te escucho más que plan económico se puede de ir sino se sabe que nos vas pasar mañana milei es un psicopata y no es liberal es un facho cuánto te paga;Negativo
511;yo soy el que hace gimnacia mental para defender a un facho disculpame pero yo no soy el que defiende a meloni abascal milei o kast;Negativo
512;así milei el neo facho conserva y su troup de ñoquis violentos;Negativo
513;y vos te crees q votando al idiota de milei va acambiar algo si ni va a laburar al congreso ese vendedor de humo de organos humanos y de bebes handaaaa;Negativo
514;yo tambien voy a votar a milei ni loco voto a un gobierno que ya fracasó hay que ser idiota para hacerlo y solo un idiota tropieza dos veces con la misma piedra;Positivo
515;milei es un campeón pero vos sos muy idiota;Positivo
517;ninguno espert porque lanzó su candidatura a gobernador de la provincia y milei porque es un idiota;Negativo
519;sos un idiota y sos periodista está biénde tn mató a 50000 argentinoscomo entonces milei mató muchos más solo por ignorancia peor que la tuya;Negativo
522;es matemático si milei y otros genios como él se quedaban a votar ese impuesto no salía pero ninguna cantidad de evidencia logrará convencer a un idiota winking_face;Negativo
523;milei es un idiota que no le llega ni a la suela de los zapatos a cfk;Negativo
524;un tipo que defiende al vago de milei viene a tratarme de idiota jajajajajajajajajajajajajajajajajajajajajajajajajajajajajajajaj;Negativo
525;cómo es el término técnico para milei oposición controlada idiota útil;Negativo
529;milei es un idiota pago como menem la mayor masacre de trabajadores en argentina y lo siguen;Negativo
531;como defienden a este gobierno aguante mileivan a terminar estos chorros hdp;Positivo
534;cuando hubo que frenarlos por un nuevo impuesto milei se paró y se fue ni en pedo voto a este hdp;Negativo
538;y si están enfermos el principal es el croto hdp de milei  tiene un desorden mental;Positivo
539;insufrible yo le comenté que me sonaba esa frase para no putearlo zurdo hdp milei 2023 la única solución white_heart Statue_of_Liberty;Positivo
540;en serio dijo eso espert jajajajaja que hdp y ya tienen una de sus amiguis de juntos por el cargo milei 2023 la única solución white_heart Statue_of_Liberty;Positivo
544;que miedo esta gente mileifacho mileiyeta;Negativo
545;lo que necesitamos es aún javier milei en colombia dar libertad economíca no abogar ideologías progres alejarnos de ese globalismo que nos destruye y nos empobrece reducir los impuestos hacer el estado sea pequeño;Positivo
548;el único que tiene un plan el javier milei y además te lo explica a la perfección gracias  por siempre estar del lado de la verdad gracias guillermoandino por dejarlo expresarse sin interrupciones a javier  lla vllc;Positivo
550;pabre claudita eso no va a pasar se viene javier milei presidente;Positivo
554;por ahora queremos saber sobre la agenda de los próximos 4 años y milei es el único que da sus ideas los de la vieja política siguen igual peleándose para ver quien es peor y más corrupto;Positivo
555;tenes pruebas denuncia  sino cerra bien la     ustedes venían a terminar con la casta javier milei es más vago que el cuñado de rocky no va nunca a trabajar vive tirando verdura no mas;Negativo
562;ahora javier milei mira las paso con cariño lo que vio en brasil lo entusiasma;Positivo
566;habla la voz del futuro con el gobierno de  estuve mejor la argentina se convirtió en un país próspero no voten más corrupción milei2023;Positivo
567;yo no yo ya tengo a mi candidato milei2023 lion;Positivo
569;tenga mucho cuidado señor milei vive en tierras muy peligrosas milei2023 milei presidente folded_hands folded_hands folded_hands;Positivo
571;oíd mortales el grito sagrado libertad libertad libertad milei2023 mileipresidente;Positivo
572;literalmente mi ciudad de nacimiento segui avanzando con pasos firmes que falta poco para verte de presidente  Argentina milei2023 Argentina  Argentina;Positivo
573;explota la  con la presencia de   lleno absoluto demostrando que el campo argentino acompaña a milei2023  vllc lalibertadavanza milei;Positivo
574;me tienta decir mi vida qué encantador es so cute pero no lo haré lo prometo face_with_hand_over_mouth rolling_on_the_floor_laughing milei2023 heart_suit flexed_biceps;Positivo
575;les vamos a ganar a todos a los de cambiemos y a los k  expresó que el único que tiene propuestas para gobernar el país soy yo milei2023;Positivo
576;sos un mercenario  estás conforme con vos mismo la única esperanza para argentina es milei2023;Positivo
577;que genio mi presidente jajajajaj milei2023;Positivo
579;a milei lo acompañan las fuerzas del cielo cloud_with_rain milei2023 vllc;Positivo
581;que clase de ser humano se puede dejar robar por ese hdp seguro l mism que votan a milei y a macri;Negativo
582;un animal e hdp en ese orden milei cavallo;Negativo
584;ni macri ni bulrrich va a gobernar milei y les va romper el culo a los revoltosos moyano atorrante están lleno de guita y siguen rompiéndole las pelotas a la gente que trabaja este gobierno es bueno no  hdp;Positivo
585;peluca es milei sabes lo q me importa que él y otro se enojen dije que si vida da para serie de netflix no dije que fue un hdp q vendió todo lo nuestro robó mucho y se pegó al sillón del senado para no ir a prisión;Negativo
587;el desencanto juvenil que alimenta el crecimiento de javier milei y el voto que le roba a los k;Positivo
591;el economista liberal criticó al gobierno a la oposición y pronosticó un futuro negro en caso de que su espacio no asuma el poder en el país;Positivo
592;acabo de decir que yo voto a milei retrasado;Positivo
596;lacras como van a perder privilegios  es cin milei2023 y laburando;Positivo
597;no depende de la profesión ni de la posición social sólo odio a los mentirosos que le hacen creer a la gente cosas que no son ciertas por el solo objetivo de no perder ni poner en riesgo sus propios privilegios ejemplo a vos y  milei2023;Positivo
598;clarísimo todo son tibios y kgones necesitamos huevos milei2023;Positivo
599;es con milei2023;Positivo
602;mírenlo milei2023;Positivo
603;conferencia de prensa en el hotel la urumpta de río iv el presidente del   junto a  y el ex ministro de economía doctor roque fernández  partidodemocrata lalibertadavanza javiermilei javiermileipresidente milei2023;Positivo
604;esto es lo único que me da esperanzas  2023 presidente el único con el que se puede levantar el país viva la libertad carajo milei2023;Positivo
605;reflexionemos con el economista álvarez agis  milei2023;Positivo
606;nuestra lucha no es política es moral   milei2023;Positivo
607;vamos carajooo es con milei milei2023 flexed_biceps heart_suit;Positivo
608;unos 2800 muertos cobran el plan potenciar trabajo la casta milagrosa no sólo cobran el plan sino que además tienen varias propiedades milei2023 lacastamilagrosa;Positivo
609;tipos como él son nabos serviles al status quo milei es un peligro es el único que puede romper desde adentro lo establecido están cagados en las patas y no van a parar hasta borrarlo del contexto político y cultural milei2023;Positivo
610;vos seguro que pero el javi si milei2023 las ideas claras;Positivo
611;el dio la batalla en los medios como nadie milei2023  resiste cualquier archivo;Positivo
612;la única solución es milei2023;Positivo
613;las convicciones que les pagamos nosotros parásitos son unas ratas bastadechorres vamos  milei2023;Positivo
615;para seguir apretando a los que trabajan honradamente les van a enviar una otra de militantes k para sacarles lo poco que les queda y así hacemos fundir manga de ladrones milei2023 viva la libertad carajo;Positivo
617;por eso milei2023;Positivo
618;falta menos de un año para votar pero lo veo muy probable milei2023  presidente mucha bronca en argentina con los políticos nft nfts nftcommunity nftproject art metaverse crypto rockstar blockchain polygonnfts;Positivo
619;atención con esto opción milei2023  como voto castigo al resto de los políticos en 2023 es muy probable;Positivo
620;macri va a jugarse con milei como voy a disfrutar oir a las mabeles decir que el león es lo mejor para el gatito milei2023;Positivo
621;innoven y usen otra palabra libertad es de milei y va a ganar con  o nada milei2023;Positivo
622;tibios negociadores casta de los cargos no lo van a hacer no tienen el coraje para hacer los cambios de fondo los arrastra la coyuntura por una u otra les van a marcar la chancha el peronismo y los k la única solución milei2023;Positivo
623;nos hacen falta mas locos que defiendan al pueblo y menos gente dandole tiempo de fama a los corruptos la unica salida milei2023;Positivo
625;todo nuestro apoyo para avanzar milei2023 Argentina;Positivo
626;es tan buena y democrática esta idea de milei el de sortear su sueldo de diputado nacional por la ciudad autónoma de buenos aires  argentina que no sé por qué no es imitado por todos sus colegas en el mundo por qué será no taaan raro milei2023;Positivo
627;1 si estamos arruinados mal 2 los alquileres son baratos en este país 3 por todo lo que decís milei2023;Positivo
628;hoy estuvimos conversando con vecinos y quedó inaugurada la seccional 14 córdoba tiene una alternativa diferente y es liberal sumate a   milei2023 en cerro de las rosas;Positivo
629;soy zurda por no votar a milei recién me entero bueno seré zurda entonces prefiero eso a ser un nazi;Negativo
630;yo asocio la palabra nazi con milei y con el ala extrema del pro josé manuel ubeira en canibalesenc5n;Negativo
631;mis esperanzas están renovadas porque nuestro futuro presidente va a recontruir a nuestro país y mis hijitos tendrán un mejor futuro folded_hands Argentina clapping_hands snake vllc hagámoslo posible    mamálibertaria milei2023;Positivo
633;al salir dijo luis al salir por ahora te seguimos odiando por lacra vividor sabes que las políticas del peronismo y de tugo no sirven y empobrecen pero no quería perder tus privilegios es con  milei2023;Positivo
634;se metio el gobierno 386 de inflacion en 1 dia preciosjustos milei2023;Positivo
635;es una vergüenza y una asquerosidad que diga semejante barbaridad usted es solo otra mas que vive del dolor ajeno y se atreve a mofarce de la perdida de mas de 120000 familias rotas por el covid noolvidamos milei2023 vivalalibertad;Positivo
637;otro economista  hablando correcto y escuchando al que mas sabe   milei2023 mileipresidente;Positivo
641;eso pasa cuando se vota populismo y esos votos joden al ingenuo que los voto y a los que no los voto  mi padre decia cuando no se tiene cabeza para pensar hay que tener hombros para aguantar la solucion es liberal vllc  milei2023;Positivo
642;no sos el único ahora espero sean muchos más y no voten a ese pelado de mier la ciudad de los piqueteros y los ciclistas q les chupa un huevo las normas y el resto q se cague milei2023;Positivo
643;saluden a brasil que se va milei2023 la única esperanza para latinoamérica;Positivo
644;yo  decir la verdad ni en pedo antes soy k evidencia empírica larretaespeorquemacri larretanovasaserpresidente milei2023;Positivo
645;el individuo milei2023;Positivo
646;viene votando tal cual lo hubiera hecho yo con eso me alcanza milei2023;Positivo
647;se ha normalizado los indultos de la ultraderecha en argentina milei le dice al gobierno zurdos de mierda no se debe permitir;Negativo
648;conocer el pensamiento liberal nos ayudará a establecer de una vez por todas que ni el libertarianismo ni la nueva ultraderecha encabezada por fantoches como milei forman parte de esa tradición;Negativo
655;a cfk ni hablar milei es cavallo pero fascista;Negativo
656;milei vuelve a la caverna de donde procedes fascista;Negativo
657;el delirante argentino fascista  amante de milei el unico músculo que usa es la lengua;Negativo
659;milei es liberal y el fascismo al igual que el comunismo representa el control total del estado sobre el país si vas a acusar de fascista a alguien empieza por la izquierda;Positivo
660;espert es el único liberal milei es fascista si no le gusta tu opinión te cancela;Negativo
661;hacerse pasar por liberal y creer que sabe economía por que repite a milei o laje o creer que es de libre mercado cuando no tiene ni capital ni empresa propia respeto mas a uno del fa que a un fascista vende humo;Negativo
662;milei es comunista también y fascista es igual que cualquier peronista es decir pobrista;Negativo
663;milei es menemismo irrespetuoso y fascista probá contradecir algo te bloquea larreta pierde la interna por macri sale a jugar en el segundo tiempo;Negativo
664;milei no solo es fascista tiene que recibir tratamiento psiquiátrico ejerce violencia gritos  esta enfermo es un desquiciado suelto;Negativo
665;milei es un peligro para la argentina y toda sudamérica  su ideología fascista le ciega el entendimiento y ningún país negocia con gente así  será un paria internacional;Negativo
667;milei llega en el 2023 y se le termina el curro a este forro;Positivo
668;totalmente funcional a los k este peroncho menemista admirador de domingo cabayo el mismo que estatizo la deuda privada en los 70 lindo liberal el forro de milei;Negativo
670;ojalá gane milei así los saca del forro del orto;Positivo
671;otro forro más que ve comunistas por todos lados tienen todos el cerebro quemado no sé qué es peor de estos idiotas si lo de ver comunistas hasta abajo de la almohada o creer que milei puede ser presidente crean su propia nube de pedos y ahí viven;Negativo
672;milei habla en 3era persona como el diego ah el narcisismo del facho desquiciado no tiene limite;Negativo
673;estafadores son vos y el facho de milei que cobran un sueldo y no van a laburar lo otro es política cada uno es libre de arreglar con quién quiera y si no te gusta te jodes;Negativo
674;beto no entiendo cómo un tipo inteligente como vos puede ponerse atrás de un desequilibrado y facho como milei;Negativo
675;milei es un payaso engaña bobos un facho y nostálgico de dictaduras militares;Negativo
676;ideas de un facho decimonónico cualquiera;Negativo
677;milei es un facho celestudo encubierto tiene menos de liberal que yo de japonés;Negativo
